C-BARQ Item Number,HEXACO Item Number,TF-IDF Similarity,Word2Vec Similarity
1,a2,0.0,0.8597
1,a5,0.0,0.8432
1,a6,0.0455,0.9947
1,a7,0.0714,0.7866
1,a8,0.0,0.8156
1,a17,0.0,0.8474
1,a19,0.0,0.8002
1,a22,0.0556,0.7122
1,a23,0.0,0.7618
1,a28,0.0,0.8968
1,a32,0.0,0.749
1,a38,0.0,0.8475
1,a39,0.0526,0.8631
1,a41,0.0,0.7288
1,a43,0.0,0.7395
1,a44,0.0,0.9619
1,a50,0.0,0.9995
1,a51,0.0,0.7775
1,a53,0.0,0.7506
1,a54,0.0,0.7921
1,a57,0.0556,0.9257
1,a60,0.0556,0.7525
1,a63,0.05,0.7139
1,a65,0.05,0.8022
1,a66,0.05,0.8813
1,a69,0.0,0.7216
1,a70,0.0,0.7784
1,a72,0.0526,0.7129
1,a73,0.0526,0.9677
1,a75,0.0,0.7385
1,a77,0.0,0.9324
1,a81,0.05,0.9545
1,a82,0.0,0.7667
1,a90,0.0,0.9979
1,a93,0.0435,0.7498
1,a95,0.0,0.9662
1,a97,0.0,0.6945
1,a98,0.0,0.8076
1,a99,0.0,0.9305
1,a100,0.0,0.7162
1,a101,0.0,0.7619
2,a6,0.0526,0.8443
2,a7,0.0,0.8587
2,a9,0.0,0.827
2,a20,0.0,0.9752
2,a25,0.0,0.8016
2,a30,0.0,0.9276
2,a32,0.0,0.7158
2,a35,0.0,0.8335
2,a36,0.0,0.8867
2,a40,0.0,0.7836
2,a45,0.0,0.7483
2,a46,0.0,0.7368
2,a48,0.0,0.7326
2,a54,0.0,0.829
2,a55,0.0588,0.7208
2,a62,0.0,0.7517
2,a68,0.0,0.8102
2,a77,0.0,0.7995
2,a80,0.0,0.7371
2,a85,0.0,0.7837
2,a86,0.0769,0.8047
2,a88,0.0,0.9068
2,a92,0.0,0.9743
2,a96,0.0,0.9329
2,a98,0.0,0.7469
3,a1,0.0,0.7338
3,a3,0.0,0.8668
3,a5,0.0,0.7888
3,a6,0.0526,0.9438
3,a16,0.0,0.7169
3,a20,0.0,0.7245
3,a25,0.0,0.7984
3,a28,0.0,0.7001
3,a45,0.0,0.8374
3,a53,0.0,0.7479
3,a59,0.0,0.9279
3,a61,0.0,0.9789
3,a63,0.0588,0.7665
3,a66,0.0,0.7734
3,a70,0.0,0.9192
3,a77,0.0,0.8758
3,a78,0.0,0.7888
3,a84,0.0,0.9564
3,a85,0.0,0.7968
3,a93,0.05,0.8646
3,a94,0.0,0.7395
3,a98,0.0,0.7354
3,a101,0.0,0.9308
4,a5,0.0556,0.7954
4,a7,0.0,0.7512
4,a9,0.0,0.7113
4,a10,0.0,0.7352
4,a13,0.0476,0.7151
4,a16,0.087,0.8314
4,a18,0.0455,0.7961
4,a25,0.0,0.8256
4,a30,0.1,0.819
4,a33,0.0556,0.9455
4,a37,0.0476,0.7533
4,a38,0.0435,0.8154
4,a42,0.0952,0.7867
4,a45,0.0,0.7081
4,a49,0.0455,0.8884
4,a50,0.0526,0.9925
4,a52,0.0,0.9547
4,a54,0.0417,0.8885
4,a55,0.0,0.7965
4,a61,0.0588,0.9967
4,a66,0.0476,0.9234
4,a70,0.0526,0.9726
4,a71,0.0323,0.9552
4,a73,0.0,0.973
4,a75,0.0,0.9835
4,a78,0.0556,0.6949
4,a81,0.0476,0.9594
4,a83,0.0435,0.6943
4,a86,0.0588,0.901
4,a87,0.0,0.9732
4,a88,0.0,0.854
4,a91,0.0556,0.9655
4,a94,0.0,0.9016
4,a97,0.05,0.8679
4,a100,0.0,0.74
5,a3,0.0,0.8656
5,a5,0.0625,0.7575
5,a6,0.0,0.9094
5,a7,0.0,0.7625
5,a14,0.0,0.847
5,a18,0.05,0.7907
5,a19,0.05,0.8492
5,a23,0.05,0.8542
5,a26,0.0556,0.9294
5,a27,0.0,0.7266
5,a31,0.0,0.8766
5,a39,0.0,0.7802
5,a41,0.0,0.9702
5,a43,0.0,0.8863
5,a44,0.0,0.9329
5,a45,0.0,0.9838
5,a46,0.0,0.7712
5,a48,0.0,0.9551
5,a53,0.0,0.9708
5,a55,0.0,0.7017
5,a56,0.0556,0.7704
5,a67,0.0,0.7782
5,a70,0.0588,0.8599
5,a76,0.0476,0.7934
5,a79,0.0588,0.8551
5,a80,0.0,0.955
5,a84,0.05,0.9339
5,a89,0.0,0.9051
5,a98,0.0,0.8528
6,a2,0.0667,0.8877
6,a5,0.0625,0.9228
6,a8,0.0,0.9857
6,a14,0.0,0.7195
6,a20,0.0,0.8457
6,a28,0.0556,0.7855
6,a30,0.1111,0.6903
6,a33,0.0625,0.8089
6,a38,0.0476,0.7136
6,a42,0.1053,0.79
6,a48,0.0,0.702
6,a52,0.0,0.8891
6,a53,0.0,0.88
6,a55,0.0,0.9696
6,a56,0.0556,0.9843
6,a59,0.1333,0.7107
6,a70,0.0588,0.7515
6,a71,0.0345,0.809
6,a75,0.0,0.7216
6,a79,0.0588,0.9832
6,a82,0.0476,0.8543
6,a86,0.0667,0.829
6,a94,0.0,0.7433
6,a96,0.0,0.9932
7,a1,0.0,0.869
7,a2,0.0625,0.7881
7,a3,0.0,0.9116
7,a7,0.0,0.7922
7,a11,0.0,0.7772
7,a12,0.0,0.9816
7,a13,0.0,0.8995
7,a16,0.0435,0.76
7,a17,0.0,0.899
7,a18,0.0,0.8315
7,a32,0.0,0.7424
7,a33,0.0,0.9108
7,a39,0.0,0.8823
7,a51,0.0,0.7143
7,a52,0.0,0.862
7,a56,0.0,0.9462
7,a58,0.0,0.8293
7,a61,0.0,0.6914
7,a69,0.0,0.8259
7,a74,0.0,0.955
7,a76,0.0,0.9217
7,a80,0.0,0.9842
7,a86,0.0625,0.7454
7,a87,0.0,0.8947
7,a88,0.0,0.6995
7,a91,0.0,0.8415
7,a95,0.0556,0.8584
7,a100,0.0,0.8269
8,a2,0.0588,0.9279
8,a9,0.0,0.9762
8,a17,0.0,0.8558
8,a18,0.0455,0.8442
8,a20,0.0,0.7137
8,a21,0.0,0.7681
8,a28,0.05,0.7427
8,a31,0.0,0.7587
8,a33,0.0556,0.8059
8,a38,0.0435,0.6914
8,a44,0.0,0.987
8,a48,0.0,0.9222
8,a49,0.0455,0.8939
8,a52,0.0,0.9702
8,a53,0.0,0.7458
8,a55,0.0,0.7826
8,a57,0.0526,0.7526
8,a60,0.0,0.9834
8,a61,0.0,0.8134
8,a62,0.0435,0.8629
8,a68,0.0,0.9674
8,a69,0.0625,0.8541
8,a72,0.0,0.8188
8,a75,0.0,0.8177
8,a76,0.0435,0.8639
8,a79,0.0526,0.8696
8,a80,0.0,0.7185
8,a81,0.0476,0.7242
8,a86,0.0588,0.8109
8,a88,0.0,0.7527
8,a91,0.0556,0.8173
8,a96,0.0,0.9016
8,a97,0.05,0.7222
8,a99,0.0556,0.7714
8,a100,0.0,0.8436
9,a1,0.0,0.9958
9,a4,0.0,0.9782
9,a5,0.0,0.9846
9,a11,0.0,0.8072
9,a20,0.0,0.7927
9,a22,0.0667,0.8986
9,a30,0.0588,0.9194
9,a35,0.0,0.9832
9,a37,0.0588,0.8253
9,a38,0.0,0.7538
9,a39,0.0625,0.7938
9,a41,0.0,0.7964
9,a46,0.0,0.71
9,a47,0.0,0.9011
9,a49,0.0,0.6916
9,a51,0.0,0.8947
9,a53,0.0,0.7836
9,a54,0.0,0.9104
9,a56,0.0,0.853
9,a57,0.0,0.9513
9,a59,0.0714,0.9975
9,a61,0.0,0.9716
9,a65,0.0588,0.8245
9,a68,0.0,0.8223
9,a69,0.0,0.7903
9,a72,0.0,0.6948
9,a75,0.0,0.7967
9,a76,0.0,0.6934
9,a82,0.0,0.9616
9,a83,0.0,0.9264
9,a88,0.0588,0.7991
9,a93,0.0,0.7242
9,a100,0.0,0.7315
10,a7,0.0625,0.7667
10,a12,0.0417,0.7719
10,a14,0.0,0.9556
10,a17,0.0455,0.7105
10,a20,0.0556,0.97
10,a24,0.0,0.9017
10,a27,0.04,0.7714
10,a31,0.0,0.7412
10,a35,0.0,0.9544
10,a38,0.0417,0.948
10,a39,0.1,0.8627
10,a44,0.0,0.9925
10,a48,0.0,0.9664
10,a51,0.0,0.8086
10,a54,0.0,0.8207
10,a58,0.0,0.8443
10,a62,0.0417,0.8773
10,a65,0.0455,0.847
10,a66,0.0952,0.8724
10,a72,0.0,0.9069
10,a77,0.0588,0.949
10,a81,0.0,0.7637
10,a86,0.0,0.9661
10,a87,0.0625,0.7744
10,a89,0.0455,0.757
10,a90,0.0,0.8008
10,a91,0.0,0.7126
10,a92,0.0,0.8903
10,a93,0.04,0.8699
10,a95,0.0,0.8257
10,a99,0.0,0.7306
11,a6,0.0,0.9085
11,a14,0.0,0.7095
11,a16,0.04,0.9875
11,a23,0.0435,0.8844
11,a24,0.0,0.9147
11,a29,0.05,0.7504
11,a33,0.0,0.9603
11,a36,0.0,0.7308
11,a40,0.0476,0.9984
11,a42,0.0435,0.8415
11,a47,0.037,0.812
11,a48,0.0,0.8563
11,a52,0.0,0.9366
11,a58,0.0,0.9532
11,a59,0.0,0.8085
11,a60,0.05,0.7153
11,a62,0.0417,0.9813
11,a63,0.0,0.9507
11,a70,0.0,0.7795
11,a72,0.0,0.9835
11,a73,0.0,0.7781
11,a78,0.0,0.9885
11,a79,0.05,0.7408
11,a80,0.0,0.8612
11,a81,0.0,0.993
11,a85,0.0,0.7547
11,a91,0.0,0.9304
11,a96,0.0,0.9187
11,a97,0.0476,0.8472
11,a101,0.0,0.9836
12,a1,0.0,0.9977
12,a5,0.0526,0.8096
12,a8,0.0,0.7553
12,a13,0.0455,0.7219
12,a20,0.0,0.734
12,a21,0.0,0.9982
12,a24,0.0,0.702
12,a29,0.0,0.752
12,a32,0.0,0.7268
12,a34,0.0,0.8241
12,a39,0.0,0.9077
12,a40,0.0,0.8338
12,a41,0.0,0.7593
12,a54,0.0,0.9944
12,a60,0.05,0.9156
12,a61,0.0,0.795
12,a67,0.0,0.816
12,a69,0.0,0.9587
12,a71,0.0313,0.7832
12,a74,0.0,0.8318
12,a76,0.0,0.7217
12,a79,0.0,0.761
12,a87,0.0,0.9811
12,a89,0.0455,0.8188
12,a92,0.0,0.7483
12,a93,0.04,0.899
12,a98,0.05,0.9815
13,a3,0.0357,0.7602
13,a9,0.0,0.9612
13,a11,0.0,0.9392
13,a15,0.0,0.6975
13,a17,0.04,0.7707
13,a18,0.0385,0.8661
13,a22,0.0435,0.9178
13,a26,0.0,0.7096
13,a31,0.0,0.9983
13,a32,0.0,0.8426
13,a37,0.04,0.9261
13,a42,0.08,0.9681
13,a43,0.0,0.986
13,a44,0.0,0.9878
13,a48,0.0,0.7757
13,a49,0.0385,0.8578
13,a51,0.0,0.8888
13,a52,0.0,0.7314
13,a53,0.0,0.7436
13,a54,0.0,0.7273
13,a55,0.0,0.9789
13,a57,0.0,0.9336
13,a59,0.0455,0.9086
13,a61,0.0476,0.798
13,a62,0.037,0.8023
13,a63,0.0,0.7032
13,a65,0.04,0.7383
13,a67,0.0476,0.9988
13,a75,0.0,0.7507
13,a80,0.0,0.8117
13,a81,0.0,0.921
13,a85,0.0,0.9948
13,a89,0.04,0.8399
13,a94,0.0,0.8392
13,a101,0.0,0.8284
14,a10,0.0,0.7549
14,a13,0.0,0.9823
14,a17,0.05,0.8865
14,a20,0.0625,0.6913
14,a25,0.0,0.8146
14,a27,0.0,0.9516
14,a35,0.0,0.7356
14,a38,0.0455,0.9084
14,a42,0.1,0.8784
14,a44,0.0,0.8731
14,a54,0.0,0.7797
14,a55,0.0,0.7573
14,a57,0.0,0.7005
14,a58,0.0,0.6941
14,a62,0.0455,0.9536
14,a72,0.0,0.9416
14,a74,0.05,0.8602
14,a75,0.0,0.9035
14,a76,0.0,0.9759
14,a77,0.0667,0.8871
14,a78,0.0,0.6927
14,a81,0.0,0.7935
14,a83,0.0455,0.701
14,a84,0.0476,0.6971
14,a85,0.0,0.8024
14,a87,0.0714,0.8615
14,a90,0.0,0.9959
14,a92,0.0,0.742
14,a93,0.0435,0.8824
14,a94,0.0,0.9151
14,a96,0.0,0.9171
14,a98,0.0,0.8852
15,a8,0.0435,0.9263
15,a20,0.0,0.8146
15,a22,0.0417,0.8518
15,a28,0.04,0.6921
15,a31,0.0952,0.7569
15,a38,0.0357,0.8168
15,a39,0.04,0.6991
15,a40,0.04,0.9067
15,a43,0.0,0.7109
15,a44,0.0,0.9717
15,a45,0.0,0.8707
15,a48,0.0,0.7552
15,a50,0.0417,0.9409
15,a51,0.0323,0.9872
15,a55,0.0385,0.8076
15,a56,0.0,0.7769
15,a57,0.0,0.971
15,a58,0.0,0.715
15,a63,0.0,0.9411
15,a64,0.0,0.8341
15,a66,0.0,0.9247
15,a71,0.0571,0.7202
15,a72,0.04,0.7001
15,a73,0.0,0.7702
15,a75,0.0,0.7331
15,a77,0.0,0.9693
15,a81,0.0,0.9532
15,a85,0.0,0.7979
15,a88,0.0385,0.8334
15,a92,0.0,0.9603
15,a93,0.0345,0.8742
15,a94,0.0,0.7444
15,a99,0.0,0.9504
15,a100,0.0,0.9761
15,a101,0.0,0.724
16,a2,0.0435,0.7709
16,a6,0.0345,0.7269
16,a7,0.0476,0.7527
16,a12,0.0,0.9273
16,a19,0.0,0.9174
16,a22,0.04,0.8592
16,a23,0.0741,0.9746
16,a24,0.0,0.9381
16,a28,0.0385,0.8553
16,a31,0.0435,0.862
16,a36,0.0,0.7613
16,a37,0.037,0.7296
16,a38,0.0345,0.8329
16,a40,0.0385,0.7386
16,a42,0.0357,0.8963
16,a43,0.0,0.79
16,a46,0.0,0.7755
16,a47,0.0,0.9385
16,a54,0.0,0.9677
16,a55,0.037,0.8295
16,a61,0.0,0.8663
16,a63,0.0,0.9712
16,a66,0.0,0.8707
16,a67,0.0435,0.8679
16,a69,0.0,0.8851
16,a70,0.0,0.7392
16,a72,0.0385,0.9343
16,a77,0.0,0.753
16,a80,0.0,0.9807
16,a81,0.0,0.8363
16,a83,0.0345,0.8954
16,a85,0.0,0.822
16,a93,0.0,0.9119
16,a96,0.0,0.7026
16,a97,0.0385,0.9105
16,a99,0.0,0.946
17,a4,0.0,0.8664
17,a6,0.0,0.7619
17,a8,0.0,0.6981
17,a16,0.0455,0.8648
17,a17,0.0,0.9247
17,a18,0.0,0.9586
17,a22,0.0588,0.9133
17,a23,0.0,0.9025
17,a28,0.0,0.7649
17,a31,0.0,0.8293
17,a33,0.0,0.8642
17,a37,0.0,0.9568
17,a38,0.0,0.8566
17,a43,0.0,0.9504
17,a45,0.0,0.7253
17,a48,0.0,0.8877
17,a49,0.0,0.8686
17,a50,0.0,0.7048
17,a52,0.0,0.8887
17,a57,0.0,0.8005
17,a58,0.0,0.7007
17,a65,0.0526,0.8596
17,a67,0.0,0.8535
17,a76,0.0,0.7772
17,a77,0.0,0.7153
17,a78,0.0,0.9749
17,a91,0.0,0.6917
17,a95,0.0,0.8398
17,a101,0.0,0.8375
18,a3,0.0,0.9198
18,a6,0.0435,0.8517
18,a7,0.0667,0.7983
18,a16,0.087,0.9988
18,a19,0.0,0.8104
18,a23,0.0,0.8339
18,a28,0.0,0.7452
18,a29,0.0,0.7909
18,a30,0.0476,0.7418
18,a37,0.0476,0.8939
18,a38,0.0,0.8833
18,a43,0.0,0.9875
18,a47,0.0,0.9861
18,a48,0.0,0.9891
18,a52,0.0,0.9698
18,a53,0.0,0.7244
18,a54,0.0,0.8689
18,a55,0.0,0.9511
18,a56,0.0,0.7229
18,a59,0.0556,0.8087
18,a64,0.0,0.8376
18,a65,0.0476,0.7557
18,a66,0.0,0.9444
18,a68,0.0,0.7684
18,a75,0.0,0.8115
18,a76,0.0,0.8043
18,a79,0.0,0.9613
18,a80,0.0,0.7632
18,a91,0.0,0.7363
18,a92,0.0,0.9102
18,a97,0.0,0.9689
19,a2,0.0,0.8427
19,a4,0.0,0.7389
19,a5,0.0,0.8918
19,a11,0.0,0.8539
19,a15,0.0,0.9114
19,a16,0.04,0.9869
19,a26,0.0,0.9224
19,a28,0.0,0.9934
19,a29,0.05,0.8446
19,a33,0.0,0.6949
19,a37,0.0,0.9207
19,a39,0.0476,0.8713
19,a42,0.0435,0.8258
19,a44,0.0,0.7859
19,a45,0.0,0.7009
19,a50,0.0,0.8941
19,a74,0.0455,0.9855
19,a75,0.0588,0.7434
19,a80,0.0,0.7746
19,a82,0.0,0.7471
19,a83,0.0417,0.795
19,a84,0.0435,0.9471
19,a87,0.0625,0.8993
19,a91,0.0,0.7408
19,a93,0.04,0.8651
19,a94,0.0,0.919
19,a95,0.0,0.8592
20,a3,0.0,0.7848
20,a9,0.0435,0.9862
20,a12,0.0,0.8502
20,a15,0.0,0.9456
20,a16,0.1111,0.9396
20,a17,0.08,0.887
20,a18,0.037,0.8811
20,a20,0.0,0.9978
20,a28,0.0,0.6918
20,a35,0.0,0.8991
20,a39,0.04,0.7977
20,a45,0.0,0.831
20,a46,0.0,0.8075
20,a48,0.0,0.9205
20,a49,0.037,0.9303
20,a51,0.0,0.7177
20,a56,0.0,0.7709
20,a59,0.0435,0.8881
20,a65,0.0385,0.8386
20,a70,0.0,0.915
20,a74,0.0385,0.9821
20,a77,0.0,0.7304
20,a80,0.0,0.7207
20,a81,0.0385,0.7284
20,a84,0.0,0.8326
20,a91,0.0,0.8071
20,a92,0.0,0.9294
20,a93,0.0345,0.8435
20,a100,0.0,0.7292
21,a6,0.04,0.8649
21,a7,0.0588,0.7622
21,a9,0.0,0.8843
21,a12,0.0,0.944
21,a16,0.125,0.792
21,a18,0.0417,0.9721
21,a19,0.0417,0.8688
21,a23,0.1364,0.9539
21,a29,0.0,0.8642
21,a31,0.0,0.6995
21,a42,0.087,0.723
21,a46,0.0,0.9249
21,a49,0.087,0.696
21,a53,0.0,0.7105
21,a55,0.0435,0.8193
21,a56,0.0455,0.8868
21,a57,0.0476,0.968
21,a61,0.0,0.889
21,a66,0.0435,0.987
21,a70,0.0476,0.698
21,a71,0.0625,0.9376
21,a74,0.0435,0.9432
21,a79,0.0476,0.7338
21,a82,0.04,0.78
21,a83,0.04,0.6908
21,a88,0.0435,0.8296
21,a92,0.0,0.952
21,a94,0.0,0.8935
21,a101,0.0,0.8069
22,a1,0.0,0.7457
22,a8,0.0,0.6936
22,a9,0.0417,0.989
22,a14,0.0,0.8934
22,a22,0.04,0.6982
22,a24,0.0455,0.7229
22,a25,0.0,0.8878
22,a31,0.0,0.7583
22,a34,0.0,0.734
22,a39,0.0385,0.9341
22,a42,0.0741,0.7818
22,a46,0.0,0.8138
22,a50,0.04,0.9873
22,a51,0.0,0.8105
22,a53,0.0417,0.8219
22,a54,0.0333,0.8256
22,a57,0.0,0.8069
22,a59,0.0417,0.8053
22,a62,0.0,0.8247
22,a63,0.0,0.9008
22,a69,0.0,0.9641
22,a74,0.037,0.9482
22,a79,0.0,0.8695
22,a87,0.0,0.9274
22,a88,0.0769,0.858
22,a90,0.0,0.8177
22,a91,0.0,0.8079
22,a93,0.0333,0.9411
22,a95,0.04,0.8292
22,a97,0.0,0.992
22,a99,0.0417,0.9812
22,a100,0.0,0.8938
22,a101,0.0,0.8668
23,a3,0.0385,0.9901
23,a4,0.0,0.9854
23,a7,0.0588,0.7649
23,a8,0.0,0.9136
23,a10,0.0,0.7455
23,a13,0.0,0.7368
23,a18,0.0417,0.7143
23,a24,0.0,0.9652
23,a26,0.0,0.7703
23,a30,0.0435,0.7148
23,a31,0.0,0.8137
23,a37,0.0,0.8805
23,a39,0.0952,0.8987
23,a48,0.0,0.8012
23,a53,0.0,0.8318
23,a60,0.0476,0.8205
23,a62,0.04,0.9299
23,a65,0.0435,0.6948
23,a68,0.0,0.8933
23,a69,0.0,0.7557
23,a70,0.0,0.9002
23,a75,0.0,0.7631
23,a76,0.0,0.9644
23,a78,0.0,0.9809
23,a81,0.0,0.9662
23,a85,0.0,0.8679
23,a86,0.0,0.9456
23,a90,0.0,0.8761
23,a92,0.0,0.7253
23,a93,0.0385,0.8867
23,a94,0.0,0.7397
23,a95,0.0,0.884
23,a96,0.0,0.8587
24,a1,0.0,0.7329
24,a3,0.0385,0.8776
24,a5,0.0,0.9873
24,a7,0.0588,0.9233
24,a10,0.0,0.809
24,a11,0.0,0.9018
24,a14,0.0,0.9196
24,a19,0.0417,0.7449
24,a20,0.0526,0.8508
24,a24,0.0,0.8888
24,a29,0.0476,0.8366
24,a32,0.0,0.9403
24,a33,0.0,0.8301
24,a35,0.0,0.7129
24,a36,0.0,0.7939
24,a38,0.04,0.7399
24,a39,0.0952,0.9496
24,a42,0.0417,0.9253
24,a43,0.0,0.8347
24,a49,0.0417,0.7436
24,a53,0.0,0.9996
24,a61,0.0526,0.8213
24,a62,0.04,0.8553
24,a65,0.0435,0.9003
24,a68,0.0,0.8929
24,a69,0.0,0.8332
24,a77,0.0556,0.978
24,a79,0.0476,0.9662
24,a80,0.0,0.7169
24,a84,0.087,0.8081
24,a90,0.0,0.8001
24,a93,0.0385,0.9862
24,a94,0.0,0.7222
24,a95,0.0,0.9498
24,a100,0.0,0.9413
25,a1,0.0,0.9984
25,a2,0.0,0.7472
25,a3,0.0833,0.9512
25,a5,0.0,0.9361
25,a6,0.087,0.9991
25,a11,0.0455,0.8464
25,a14,0.0,0.6916
25,a17,0.0952,0.9666
25,a18,0.0909,0.7031
25,a19,0.0,0.6947
25,a21,0.0,0.7434
25,a22,0.05,0.8519
25,a28,0.0476,0.7964
25,a32,0.0,0.9374
25,a33,0.0,0.956
25,a36,0.0,0.8765
25,a38,0.087,0.7892
25,a47,0.037,0.7888
25,a49,0.0909,0.9537
25,a59,0.0,0.8511
25,a60,0.1053,0.7661
25,a70,0.0,0.9812
25,a75,0.0,0.7911
25,a78,0.0,0.854
25,a81,0.0455,0.8285
25,a83,0.087,0.8666
25,a84,0.0435,0.9034
25,a86,0.0556,0.9971
25,a92,0.0,0.8277
25,a98,0.0,0.7813
25,a99,0.0,0.8107
26,a1,0.0,0.921
26,a5,0.0,0.9872
26,a10,0.0,0.8371
26,a11,0.0,0.8923
26,a18,0.0,0.8889
26,a19,0.0,0.9584
26,a28,0.0,0.7889
26,a32,0.0,0.8096
26,a35,0.0,0.9792
26,a36,0.0,0.886
26,a38,0.0,0.7763
26,a43,0.0,0.842
26,a44,0.0,0.9292
26,a47,0.0,0.9932
26,a50,0.0,0.977
26,a51,0.0,0.7449
26,a52,0.0,0.8249
26,a57,0.0,0.9716
26,a58,0.0,0.8637
26,a60,0.0,0.8293
26,a61,0.0,0.9963
26,a63,0.0,0.9893
26,a70,0.0,0.8642
26,a71,0.0,0.9384
26,a72,0.0,0.8802
26,a78,0.0,0.8978
26,a79,0.0,0.8931
26,a82,0.0,0.9962
26,a85,0.0,0.7777
26,a86,0.0,0.7809
26,a91,0.0,0.9819
26,a93,0.0,0.7876
26,a94,0.0,0.7424
26,a101,0.0,0.8239
27,a2,0.0588,0.8518
27,a4,0.0,0.8014
27,a7,0.0,0.8611
27,a10,0.0,0.8303
27,a11,0.0,0.9154
27,a14,0.0,0.745
27,a17,0.0,0.7579
27,a20,0.0,0.781
27,a21,0.0,0.9348
27,a27,0.0,0.9433
27,a28,0.0,0.8766
27,a37,0.0476,0.8408
27,a38,0.0,0.9474
27,a40,0.0,0.9049
27,a45,0.0,0.8558
27,a51,0.0,0.8691
27,a52,0.0,0.9766
27,a54,0.0,0.7248
27,a68,0.0,0.8466
27,a75,0.0,0.8715
27,a79,0.0,0.9176
27,a80,0.0,0.9474
27,a84,0.0,0.8967
27,a90,0.0,0.7252
27,a92,0.0,0.9959
27,a93,0.0,0.9833
27,a99,0.0,0.6938
28,a4,0.0,0.9063
28,a5,0.0,0.7095
28,a7,0.0,0.6949
28,a11,0.0,0.829
28,a15,0.0,0.8642
28,a16,0.0,0.9994
28,a18,0.0,0.981
28,a21,0.0,0.7714
28,a26,0.0,0.894
28,a29,0.0,0.6915
28,a33,0.0,0.8094
28,a45,0.0,0.8451
28,a46,0.0,0.8585
28,a54,0.0,0.719
28,a60,0.0,0.8889
28,a70,0.0,0.8165
28,a75,0.0,0.9936
28,a76,0.0,0.7384
28,a81,0.0,0.9387
28,a82,0.0,0.8946
28,a83,0.0,0.8336
28,a84,0.0,0.9562
28,a85,0.0,0.9503
28,a90,0.0,0.7697
28,a91,0.0,0.8239
28,a92,0.0,0.8235
28,a95,0.0,0.7701
28,a97,0.0,0.7956
28,a98,0.0,0.8644
28,a99,0.0,0.6935
28,a101,0.0,0.9729
29,a4,0.0,0.6903
29,a9,0.0,0.7304
29,a15,0.0,0.8411
29,a17,0.0,0.8021
29,a23,0.0,0.9975
29,a29,0.0,0.7393
29,a30,0.0455,0.7846
29,a34,0.0,0.9156
29,a37,0.0455,0.9758
29,a39,0.0476,0.7632
29,a41,0.0,0.7877
29,a43,0.0,0.9145
29,a45,0.0,0.7449
29,a50,0.05,0.8369
29,a52,0.0,0.7267
29,a55,0.0,0.9696
29,a57,0.0,0.7442
29,a59,0.0526,0.8831
29,a64,0.0,0.9836
29,a69,0.0,0.6998
29,a78,0.0,0.7543
29,a80,0.0,0.8363
29,a81,0.0,0.7344
29,a86,0.0556,0.7241
29,a87,0.0,0.8764
29,a89,0.0,0.7815
29,a92,0.0,0.9099
29,a95,0.05,0.7844
29,a97,0.0,0.9254
29,a100,0.0,0.924
30,a1,0.0,0.9922
30,a6,0.0909,0.8029
30,a9,0.0,0.7685
30,a10,0.0,0.7698
30,a11,0.0476,0.8672
30,a12,0.0909,0.9086
30,a28,0.05,0.9368
30,a40,0.1053,0.7672
30,a43,0.0,0.7761
30,a45,0.0,0.7974
30,a47,0.0385,0.9112
30,a53,0.0,0.8584
30,a54,0.0,0.892
30,a59,0.0,0.9042
30,a60,0.1111,0.9593
30,a63,0.0,0.954
30,a68,0.0,0.8542
30,a69,0.0,0.7177
30,a74,0.0476,0.9987
30,a75,0.0,0.9453
30,a80,0.0,0.9291
30,a88,0.0476,0.8794
30,a93,0.087,0.7057
30,a94,0.0,0.8504
30,a95,0.0,0.7304
30,a100,0.0,0.7166
30,a101,0.0,0.7531
31,a2,0.0476,0.8502
31,a7,0.0526,0.7785
31,a11,0.0,0.8797
31,a16,0.0741,0.8904
31,a21,0.0,0.9729
31,a22,0.0435,0.8307
31,a24,0.0,0.7888
31,a25,0.0,0.7327
31,a27,0.0,0.7862
31,a36,0.0345,0.9731
31,a37,0.04,0.8539
31,a42,0.08,0.7041
31,a45,0.0,0.741
31,a48,0.0,0.963
31,a51,0.0,0.8854
31,a54,0.0,0.9616
31,a61,0.0476,0.9632
31,a73,0.0417,0.7771
31,a76,0.0,0.9025
31,a77,0.05,0.9274
31,a80,0.0,0.9137
31,a81,0.04,0.7791
31,a82,0.0,0.9958
31,a88,0.04,0.8011
31,a90,0.0,0.8464
31,a91,0.0,0.8548
31,a95,0.0435,0.9275
32,a1,0.0,0.8861
32,a3,0.0,0.8584
32,a11,0.0,0.955
32,a23,0.0,0.7889
32,a24,0.0,0.9367
32,a26,0.0,0.7638
32,a27,0.0,0.9832
32,a37,0.0,0.7231
32,a38,0.0,0.9374
32,a41,0.0,0.8988
32,a42,0.05,0.9988
32,a43,0.0,0.9977
32,a50,0.0,0.8054
32,a54,0.0,0.7045
32,a58,0.0,0.907
32,a70,0.0,0.9835
32,a73,0.0556,0.9305
32,a79,0.0,0.966
32,a85,0.0,0.947
32,a90,0.0,0.6905
32,a93,0.0,0.8668
32,a97,0.0,0.7303
33,a4,0.0,0.8459
33,a6,0.0,0.7015
33,a13,0.0,0.7463
33,a14,0.0,0.9921
33,a16,0.04,0.9343
33,a22,0.05,0.728
33,a28,0.0,0.7081
33,a30,0.0455,0.8186
33,a38,0.0417,0.7036
33,a41,0.0,0.9637
33,a43,0.0,0.9949
33,a44,0.0,0.7616
33,a46,0.0,0.9912
33,a47,0.037,0.9031
33,a48,0.0,0.8107
33,a49,0.0435,0.9004
33,a58,0.0,0.9699
33,a59,0.0,0.9741
33,a61,0.0556,0.7818
33,a62,0.0417,0.7283
33,a65,0.0455,0.8203
33,a66,0.0952,0.7055
33,a75,0.0,0.8387
33,a80,0.0,0.996
33,a89,0.0455,0.9027
33,a91,0.0,0.9868
33,a94,0.0,0.6966
33,a101,0.0,0.9943
34,a6,0.0,0.838
34,a17,0.0,0.8631
34,a18,0.0,0.777
34,a19,0.0,0.8187
34,a23,0.0,0.8326
34,a24,0.0,0.9004
34,a26,0.0,0.7635
34,a27,0.0,0.9408
34,a30,0.0,0.7045
34,a31,0.0,0.8267
34,a34,0.0,0.9245
34,a37,0.0,0.7526
34,a41,0.0,0.7588
34,a45,0.0,0.8948
34,a47,0.0,0.9264
34,a49,0.0,0.9702
34,a51,0.0,0.7665
34,a54,0.0,0.8439
34,a61,0.0,0.7642
34,a67,0.0,0.8347
34,a68,0.0,0.7628
34,a69,0.0,0.7993
34,a71,0.0,0.8171
34,a81,0.0,0.6948
34,a86,0.0,0.8841
34,a97,0.0,0.7786
35,a1,0.0,0.8866
35,a2,0.0,0.8836
35,a3,0.0385,0.9602
35,a4,0.0556,0.8121
35,a7,0.0588,0.9472
35,a8,0.0,0.9175
35,a10,0.0,0.9055
35,a13,0.0,0.8364
35,a14,0.0,0.7211
35,a15,0.0526,0.8784
35,a17,0.0435,0.7783
35,a18,0.0417,0.7976
35,a20,0.0526,0.7512
35,a24,0.0,0.9924
35,a27,0.0,0.9121
35,a28,0.0,0.7222
35,a29,0.0476,0.7722
35,a32,0.0,0.6902
35,a36,0.0,0.8236
35,a37,0.0,0.9109
35,a43,0.0,0.8012
35,a44,0.0,0.9428
35,a50,0.0,0.8862
35,a54,0.0,0.9402
35,a58,0.0,0.8865
35,a66,0.0909,0.7486
35,a69,0.0,0.8383
35,a74,0.0435,0.8603
35,a76,0.0,0.8347
35,a77,0.0556,0.9606
35,a87,0.0588,0.9822
35,a91,0.0,0.9312
35,a92,0.0,0.9773
35,a99,0.0,0.7197
36,a2,0.0,0.8955
36,a4,0.0,0.7655
36,a11,0.0,0.8648
36,a18,0.0,0.7884
36,a19,0.0,0.7447
36,a20,0.0,0.8373
36,a24,0.0,0.9658
36,a26,0.0,0.8175
36,a27,0.0,0.7849
36,a34,0.0,0.8962
36,a35,0.0,0.9422
36,a40,0.0,0.9487
36,a41,0.0435,0.8102
36,a45,0.0,0.8182
36,a46,0.0,0.7695
36,a47,0.0,0.9332
36,a55,0.0,0.7118
36,a58,0.0,0.9207
36,a60,0.0,0.996
36,a66,0.0455,0.8524
36,a73,0.0,0.797
36,a75,0.0,0.7106
36,a79,0.0,0.957
36,a80,0.0,0.9392
36,a81,0.0,0.9182
36,a82,0.0,0.9762
36,a90,0.0,0.8532
36,a94,0.0,0.7252
36,a95,0.0,0.9845
36,a99,0.0,0.8969
36,a101,0.0,0.9179
37,a1,0.0,0.8436
37,a8,0.0,0.7407
37,a9,0.0,0.8375
37,a21,0.0,0.7174
37,a23,0.0435,0.8819
37,a26,0.0,0.6981
37,a27,0.0,0.842
37,a28,0.0,0.9252
37,a32,0.0,0.9937
37,a34,0.0,0.7138
37,a35,0.0,0.7369
37,a36,0.0,0.7394
37,a37,0.0,0.7782
37,a41,0.0435,0.7501
37,a47,0.0,0.961
37,a52,0.0,0.7556
37,a53,0.0,0.7478
37,a56,0.0,0.7606
37,a60,0.0,0.7947
37,a62,0.0,0.9156
37,a63,0.0,0.7404
37,a65,0.0455,0.7577
37,a68,0.0,0.9107
37,a70,0.0,0.8677
37,a73,0.0,0.8214
37,a78,0.0,0.8886
37,a82,0.0,0.9702
37,a84,0.0435,0.8843
37,a86,0.0,0.8018
37,a87,0.0,0.8917
37,a91,0.0,0.7912
37,a94,0.0,0.8502
37,a98,0.0,0.8564
38,a7,0.0,0.7674
38,a8,0.0,0.6983
38,a13,0.0526,0.9019
38,a16,0.0952,0.9769
38,a19,0.05,0.699
38,a21,0.0,0.8659
38,a25,0.0,0.7825
38,a28,0.0556,0.7172
38,a30,0.1111,0.814
38,a31,0.0,0.7502
38,a34,0.0476,0.8792
38,a37,0.0526,0.9362
38,a41,0.0,0.977
38,a43,0.0,0.729
38,a45,0.0,0.824
38,a51,0.0,0.8993
38,a52,0.0,0.7647
38,a58,0.0,0.7402
38,a59,0.1333,0.7528
38,a63,0.0,0.9298
38,a67,0.0,0.9993
38,a69,0.0714,0.7205
38,a72,0.0,0.9551
38,a82,0.0476,0.8615
38,a84,0.05,0.7125
38,a89,0.0526,0.7561
38,a90,0.0,0.9362
38,a92,0.0,0.9039
38,a93,0.0455,0.9467
38,a100,0.0,0.7067
39,a2,0.0,0.875
39,a7,0.0833,0.7126
39,a16,0.0476,0.7829
39,a21,0.0,0.956
39,a28,0.0,0.8009
39,a30,0.0,0.7618
39,a31,0.0,0.8339
39,a34,0.0,0.7037
39,a36,0.0,0.8738
39,a42,0.0,0.9929
39,a43,0.0,0.9835
39,a44,0.0,0.9123
39,a45,0.0,0.9051
39,a50,0.0,0.8686
39,a51,0.0,0.9292
39,a52,0.0,0.9118
39,a54,0.0,0.9187
39,a57,0.0,0.8845
39,a60,0.0,0.7596
39,a63,0.0,0.9964
39,a66,0.0,0.9911
39,a67,0.0,0.7395
39,a72,0.0,0.9494
39,a73,0.0,0.8632
39,a75,0.0,0.9363
39,a77,0.0,0.8822
39,a82,0.0,0.9998
39,a86,0.0,0.9916
39,a93,0.0,0.7509
39,a96,0.0,0.9295
39,a97,0.0,0.8161
39,a98,0.0,0.979
39,a100,0.0,0.9984
40,a3,0.0,0.7106
40,a12,0.0,0.7333
40,a15,0.0,0.8257
40,a17,0.0,0.7195
40,a20,0.0,0.8205
40,a21,0.0,0.7226
40,a31,0.0,0.8469
40,a32,0.05,0.8606
40,a33,0.05,0.768
40,a35,0.0556,0.7606
40,a37,0.0435,0.9005
40,a40,0.0455,0.8573
40,a43,0.0,0.7919
40,a45,0.0,0.917
40,a48,0.0,0.9332
40,a50,0.0476,0.8099
40,a51,0.0,0.8094
40,a53,0.0,0.8754
40,a56,0.0455,0.8593
40,a58,0.0556,0.915
40,a70,0.0476,0.7741
40,a73,0.0455,0.7916
40,a74,0.0435,0.7777
40,a75,0.0,0.8272
40,a77,0.0,0.8013
40,a78,0.0,0.9896
40,a86,0.1111,0.745
40,a90,0.0,0.8248
40,a91,0.05,0.7581
40,a93,0.08,0.811
40,a95,0.1,0.8909
40,a98,0.0,0.8186
40,a101,0.0,0.9156
41,a4,0.0,0.8644
41,a9,0.0,0.7871
41,a12,0.0,0.8693
41,a13,0.0,0.7506
41,a14,0.0,0.7806
41,a17,0.0,0.9919
41,a18,0.0,0.6983
41,a19,0.0,0.844
41,a21,0.0,0.7145
41,a30,0.0,0.7625
41,a32,0.0,0.8224
41,a35,0.0,0.9843
41,a37,0.0,0.774
41,a39,0.0,0.8948
41,a41,0.0,0.8724
41,a42,0.0,0.7182
41,a43,0.0,0.8415
41,a44,0.0,0.7144
41,a51,0.0,0.9459
41,a57,0.0,0.9948
41,a63,0.0,0.956
41,a68,0.0,0.8716
41,a70,0.0,0.7412
41,a71,0.0,0.861
41,a72,0.0,0.8485
41,a79,0.0,0.7345
41,a81,0.0,0.8943
41,a82,0.0,0.8194
41,a88,0.0,0.8506
41,a96,0.0,0.8087
41,a98,0.0,0.8388
41,a99,0.0,0.761
41,a100,0.0,0.8338
42,a1,0.0556,0.7192
42,a13,0.0909,0.8007
42,a16,0.08,0.9689
42,a20,0.0,0.8005
42,a22,0.0,0.9367
42,a24,0.0,0.8874
42,a25,0.0,0.7255
42,a28,0.0455,0.8603
42,a30,0.0909,0.6993
42,a50,0.0476,0.9593
42,a51,0.0,0.8165
42,a53,0.0,0.7447
42,a54,0.0385,0.6973
42,a55,0.0435,0.9844
42,a56,0.0455,0.9435
42,a57,0.0476,0.9845
42,a60,0.0476,0.7364
42,a61,0.0,0.8284
42,a63,0.0,0.9199
42,a65,0.0435,0.6988
42,a67,0.0,0.8599
42,a68,0.0,0.9673
42,a70,0.0476,0.7965
42,a72,0.0455,0.7662
42,a74,0.0,0.9755
42,a76,0.04,0.8575
42,a77,0.0,0.7385
42,a83,0.04,0.9967
42,a86,0.1111,0.7754
42,a100,0.0,0.823
43,a1,0.0,0.8605
43,a4,0.0,0.7186
43,a6,0.0,0.9816
43,a8,0.0,0.802
43,a10,0.0,0.8002
43,a19,0.0,0.931
43,a20,0.0667,0.7189
43,a21,0.0,0.7154
43,a22,0.0588,0.9343
43,a28,0.0,0.727
43,a31,0.0,0.7776
43,a34,0.0,0.8475
43,a39,0.0556,0.897
43,a42,0.1053,0.9058
43,a50,0.0588,0.8701
43,a52,0.0,0.8208
43,a57,0.0,0.7948
43,a59,0.0625,0.7748
43,a61,0.0667,0.9508
43,a69,0.0,0.8849
43,a72,0.0,0.9349
43,a76,0.0,0.9274
43,a79,0.0588,0.695
43,a85,0.0,0.7584
43,a87,0.0769,0.8329
43,a88,0.0526,0.8619
43,a97,0.0,0.7729
44,a4,0.0,0.976
44,a10,0.0,0.7799
44,a16,0.0455,0.778
44,a17,0.0,0.9318
44,a22,0.0,0.7819
44,a24,0.0,0.8274
44,a34,0.0,0.8292
44,a36,0.0,0.7546
44,a40,0.0,0.9765
44,a41,0.0,0.7479
44,a42,0.05,0.8476
44,a44,0.0,0.7869
44,a45,0.0,0.736
44,a49,0.0,0.8294
44,a51,0.0,0.78
44,a55,0.0,0.853
44,a56,0.0,0.9884
44,a59,0.0625,0.9577
44,a61,0.0,0.9794
44,a64,0.0,0.8096
44,a65,0.0,0.9493
44,a68,0.0,0.7283
44,a71,0.0,0.7914
44,a72,0.0,0.9588
44,a73,0.0,0.9339
44,a74,0.0,0.8928
44,a76,0.0,0.7613
44,a79,0.0,0.8238
44,a85,0.0,0.7069
44,a87,0.0,0.7697
44,a94,0.0,0.769
45,a5,0.0,0.8895
45,a7,0.0556,0.9852
45,a11,0.0417,0.8883
45,a12,0.0,0.9601
45,a13,0.0417,0.7155
45,a14,0.0,0.9737
45,a17,0.0417,0.7924
45,a18,0.04,0.9254
45,a21,0.0,0.7076
45,a22,0.0455,0.7877
45,a23,0.04,0.9948
45,a24,0.0,0.7614
45,a29,0.0,0.8236
45,a30,0.0417,0.7145
45,a32,0.0,0.7392
45,a37,0.0417,0.7269
45,a39,0.0435,0.7301
45,a41,0.0,0.7288
45,a43,0.0,0.71
45,a47,0.0,0.7006
45,a50,0.0455,0.9159
45,a51,0.0345,0.7327
45,a52,0.0,0.9766
45,a53,0.0,0.7181
45,a56,0.0,0.8415
45,a67,0.05,0.8796
45,a75,0.0,0.724
45,a76,0.0,0.7375
45,a80,0.0,0.8885
45,a83,0.0385,0.8161
45,a84,0.04,0.9328
45,a89,0.0417,0.7548
45,a90,0.0,0.7687
45,a95,0.0455,0.8463
45,a96,0.0,0.8347
45,a98,0.0,0.8217
45,a99,0.0,0.7729
46,a4,0.0,0.9166
46,a5,0.0,0.947
46,a6,0.0,0.9567
46,a9,0.0,0.8828
46,a11,0.0,0.9871
46,a24,0.0,0.7529
46,a26,0.0,0.9324
46,a30,0.0,0.8688
46,a32,0.0,0.7808
46,a33,0.0,0.7899
46,a35,0.0,0.8484
46,a42,0.0,0.9809
46,a44,0.0,0.7645
46,a50,0.0,0.7468
46,a54,0.0,0.9159
46,a56,0.0,0.8239
46,a57,0.0,0.9772
46,a59,0.0,0.984
46,a62,0.0,0.8033
46,a64,0.0,0.8511
